[{"model": "admin.logentry", "pk": 1, "fields": {"action_time": "2023-08-23T11:28:41.098Z", "user": 1, "content_type": 13, "object_id": "1", "object_repr": "test test", "action_flag": 1, "change_message": "[{\"added\": {}}]"}}, {"model": "admin.logentry", "pk": 2, "fields": {"action_time": "2023-08-23T11:29:11.297Z", "user": 1, "content_type": 13, "object_id": "2", "object_repr": "test1 test1", "action_flag": 1, "change_message": "[{\"added\": {}}]"}}, {"model": "admin.logentry", "pk": 3, "fields": {"action_time": "2023-08-23T11:29:20.391Z", "user": 1, "content_type": 14, "object_id": "1", "object_repr": "From test test to test1 test1", "action_flag": 1, "change_message": "[{\"added\": {}}]"}}, {"model": "admin.logentry", "pk": 4, "fields": {"action_time": "2023-08-23T11:29:27.077Z", "user": 1, "content_type": 7, "object_id": "1", "object_repr": "bus", "action_flag": 1, "change_message": "[{\"added\": {}}]"}}, {"model": "admin.logentry", "pk": 5, "fields": {"action_time": "2023-08-23T11:29:40.093Z", "user": 1, "content_type": 6, "object_id": "1", "object_repr": "good", "action_flag": 1, "change_message": "[{\"added\": {}}]"}}, {"model": "admin.logentry", "pk": 6, "fields": {"action_time": "2023-08-23T11:29:48.678Z", "user": 1, "content_type": 8, "object_id": "1", "object_repr": "Bohdan Black", "action_flag": 1, "change_message": "[{\"added\": {}}]"}}, {"model": "admin.logentry", "pk": 7, "fields": {"action_time": "2023-08-23T11:30:12.642Z", "user": 1, "content_type": 9, "object_id": "1", "object_repr": "From test test to test1 test1", "action_flag": 1, "change_message": "[{\"added\": {}}]"}}, {"model": "admin.logentry", "pk": 8, "fields": {"action_time": "2023-08-24T05:06:21.461Z", "user": 1, "content_type": 13, "object_id": "2", "object_repr": "test1 test1", "action_flag": 3, "change_message": ""}}, {"model": "admin.logentry", "pk": 9, "fields": {"action_time": "2023-08-24T05:06:21.483Z", "user": 1, "content_type": 13, "object_id": "1", "object_repr": "test test", "action_flag": 3, "change_message": ""}}, {"model": "admin.logentry", "pk": 10, "fields": {"action_time": "2023-08-24T05:07:00.405Z", "user": 1, "content_type": 13, "object_id": "3", "object_repr": "Turweston Aerodrome (EGBT) Brackley", "action_flag": 1, "change_message": "[{\"added\": {}}]"}}, {"model": "admin.logentry", "pk": 11, "fields": {"action_time": "2023-08-24T05:07:22.409Z", "user": 1, "content_type": 13, "object_id": "4", "object_repr": "Derby Airfield (EGBD) Derby", "action_flag": 1, "change_message": "[{\"added\": {}}]"}}, {"model": "admin.logentry", "pk": 12, "fields": {"action_time": "2023-08-24T05:07:53.582Z", "user": 1, "content_type": 13, "object_id": "5", "object_repr": "Leicester Airport (EGBG) Leicester", "action_flag": 1, "change_message": "[{\"added\": {}}]"}}, {"model": "admin.logentry", "pk": 13, "fields": {"action_time": "2023-08-24T05:08:11.413Z", "user": 1, "content_type": 13, "object_id": "6", "object_repr": "Cambridge City Airport (CBG) Cambridge", "action_flag": 1, "change_message": "[{\"added\": {}}]"}}, {"model": "admin.logentry", "pk": 14, "fields": {"action_time": "2023-08-24T05:08:47.942Z", "user": 1, "content_type": 13, "object_id": "7", "object_repr": "Luton Airport (LTN) Luton", "action_flag": 1, "change_message": "[{\"added\": {}}]"}}, {"model": "admin.logentry", "pk": 15, "fields": {"action_time": "2023-08-24T05:08:59.470Z", "user": 1, "content_type": 13, "object_id": "8", "object_repr": "Norwich Airport (NWI) Norwich", "action_flag": 1, "change_message": "[{\"added\": {}}]"}}, {"model": "admin.logentry", "pk": 16, "fields": {"action_time": "2023-08-24T05:09:14.824Z", "user": 1, "content_type": 13, "object_id": "9", "object_repr": "London Stansted Airport (STN) London", "action_flag": 1, "change_message": "[{\"added\": {}}]"}}, {"model": "admin.logentry", "pk": 17, "fields": {"action_time": "2023-08-24T05:09:39.332Z", "user": 1, "content_type": 13, "object_id": "10", "object_repr": "Teesside International Airport (MME) Darlington", "action_flag": 1, "change_message": "[{\"added\": {}}]"}}, {"model": "admin.logentry", "pk": 18, "fields": {"action_time": "2023-08-24T05:09:52.522Z", "user": 1, "content_type": 13, "object_id": "11", "object_repr": "Liverpool John Lennon Airport (LPL) Liverpool", "action_flag": 1, "change_message": "[{\"added\": {}}]"}}, {"model": "admin.logentry", "pk": 19, "fields": {"action_time": "2023-08-24T05:10:15.711Z", "user": 1, "content_type": 13, "object_id": "12", "object_repr": "Gatwick Airport (LGW) Crawley", "action_flag": 1, "change_message": "[{\"added\": {}}]"}}, {"model": "admin.logentry", "pk": 20, "fields": {"action_time": "2023-08-24T05:10:28.376Z", "user": 1, "content_type": 13, "object_id": "13", "object_repr": "Southampton Airport (SOU) Southampton", "action_flag": 1, "change_message": "[{\"added\": {}}]"}}, {"model": "admin.logentry", "pk": 21, "fields": {"action_time": "2023-08-24T05:10:52.311Z", "user": 1, "content_type": 13, "object_id": "14", "object_repr": "Exeter Airport (EXT) Exeter", "action_flag": 1, "change_message": "[{\"added\": {}}]"}}, {"model": "admin.logentry", "pk": 22, "fields": {"action_time": "2023-08-24T05:11:05.055Z", "user": 1, "content_type": 13, "object_id": "15", "object_repr": "Birmingham Airport (BHX) Birmingham", "action_flag": 1, "change_message": "[{\"added\": {}}]"}}, {"model": "admin.logentry", "pk": 23, "fields": {"action_time": "2023-08-24T05:11:21.971Z", "user": 1, "content_type": 13, "object_id": "16", "object_repr": "Leeds Bradford Airport (LBA) Leeds", "action_flag": 1, "change_message": "[{\"added\": {}}]"}}, {"model": "admin.logentry", "pk": 24, "fields": {"action_time": "2023-08-24T05:11:38.862Z", "user": 1, "content_type": 13, "object_id": "17", "object_repr": "Glasgow Airport (GLA) Glasgow", "action_flag": 1, "change_message": "[{\"added\": {}}]"}}, {"model": "admin.logentry", "pk": 25, "fields": {"action_time": "2023-08-24T05:11:58.653Z", "user": 1, "content_type": 13, "object_id": "18", "object_repr": "Cardiff Airport (CWL) Cardiff", "action_flag": 1, "change_message": "[{\"added\": {}}]"}}, {"model": "admin.logentry", "pk": 26, "fields": {"action_time": "2023-08-24T05:12:43.235Z", "user": 1, "content_type": 14, "object_id": "2", "object_repr": "From London Stansted Airport (STN) London to Turweston Aerodrome (EGBT) Brackley", "action_flag": 1, "change_message": "[{\"added\": {}}]"}}, {"model": "admin.logentry", "pk": 27, "fields": {"action_time": "2023-08-24T05:12:56.708Z", "user": 1, "content_type": 14, "object_id": "3", "object_repr": "From London Stansted Airport (STN) London to Cambridge City Airport (CBG) Cambridge", "action_flag": 1, "change_message": "[{\"added\": {}}]"}}, {"model": "admin.logentry", "pk": 28, "fields": {"action_time": "2023-08-24T05:13:04.864Z", "user": 1, "content_type": 14, "object_id": "4", "object_repr": "From London Stansted Airport (STN) London to Liverpool John Lennon Airport (LPL) Liverpool", "action_flag": 1, "change_message": "[{\"added\": {}}]"}}, {"model": "admin.logentry", "pk": 29, "fields": {"action_time": "2023-08-24T05:13:16.441Z", "user": 1, "content_type": 14, "object_id": "5", "object_repr": "From Derby Airfield (EGBD) Derby to Cardiff Airport (CWL) Cardiff", "action_flag": 1, "change_message": "[{\"added\": {}}]"}}, {"model": "admin.logentry", "pk": 30, "fields": {"action_time": "2023-08-24T05:13:26.847Z", "user": 1, "content_type": 14, "object_id": "6", "object_repr": "From Leeds Bradford Airport (LBA) Leeds to Cardiff Airport (CWL) Cardiff", "action_flag": 1, "change_message": "[{\"added\": {}}]"}}, {"model": "admin.logentry", "pk": 31, "fields": {"action_time": "2023-08-24T05:13:41.695Z", "user": 1, "content_type": 14, "object_id": "7", "object_repr": "From Exeter Airport (EXT) Exeter to Glasgow Airport (GLA) Glasgow", "action_flag": 1, "change_message": "[{\"added\": {}}]"}}, {"model": "admin.logentry", "pk": 32, "fields": {"action_time": "2023-08-24T05:13:52.856Z", "user": 1, "content_type": 14, "object_id": "8", "object_repr": "From Luton Airport (LTN) Luton to Southampton Airport (SOU) Southampton", "action_flag": 1, "change_message": "[{\"added\": {}}]"}}, {"model": "admin.logentry", "pk": 33, "fields": {"action_time": "2023-08-24T05:14:26.438Z", "user": 1, "content_type": 7, "object_id": "1", "object_repr": "bus", "action_flag": 3, "change_message": ""}}, {"model": "admin.logentry", "pk": 34, "fields": {"action_time": "2023-08-24T05:14:58.348Z", "user": 1, "content_type": 7, "object_id": "2", "object_repr": "Boeing 787", "action_flag": 1, "change_message": "[{\"added\": {}}]"}}, {"model": "admin.logentry", "pk": 35, "fields": {"action_time": "2023-08-24T05:15:10.454Z", "user": 1, "content_type": 7, "object_id": "3", "object_repr": "Boeing 767", "action_flag": 1, "change_message": "[{\"added\": {}}]"}}, {"model": "admin.logentry", "pk": 36, "fields": {"action_time": "2023-08-24T05:15:16.319Z", "user": 1, "content_type": 7, "object_id": "4", "object_repr": "Airbus A330", "action_flag": 1, "change_message": "[{\"added\": {}}]"}}, {"model": "admin.logentry", "pk": 37, "fields": {"action_time": "2023-08-24T05:15:23.853Z", "user": 1, "content_type": 7, "object_id": "5", "object_repr": "Boeing 777", "action_flag": 1, "change_message": "[{\"added\": {}}]"}}, {"model": "admin.logentry", "pk": 38, "fields": {"action_time": "2023-08-24T05:15:28.883Z", "user": 1, "content_type": 7, "object_id": "6", "object_repr": "Boeing 757", "action_flag": 1, "change_message": "[{\"added\": {}}]"}}, {"model": "admin.logentry", "pk": 39, "fields": {"action_time": "2023-08-24T05:15:35.845Z", "user": 1, "content_type": 7, "object_id": "7", "object_repr": "McDonnell Douglas MD-80 Series", "action_flag": 1, "change_message": "[{\"added\": {}}]"}}, {"model": "admin.logentry", "pk": 40, "fields": {"action_time": "2023-08-24T05:15:39.898Z", "user": 1, "content_type": 7, "object_id": "8", "object_repr": "Boeing 727", "action_flag": 1, "change_message": "[{\"added\": {}}]"}}, {"model": "admin.logentry", "pk": 41, "fields": {"action_time": "2023-08-24T05:15:44.389Z", "user": 1, "content_type": 7, "object_id": "9", "object_repr": "Airbus A320 series", "action_flag": 1, "change_message": "[{\"added\": {}}]"}}, {"model": "admin.logentry", "pk": 42, "fields": {"action_time": "2023-08-24T05:15:59.177Z", "user": 1, "content_type": 7, "object_id": "10", "object_repr": "Dornier 228", "action_flag": 1, "change_message": "[{\"added\": {}}]"}}, {"model": "admin.logentry", "pk": 43, "fields": {"action_time": "2023-08-24T05:16:06.508Z", "user": 1, "content_type": 7, "object_id": "11", "object_repr": "BAe Jetstream 3 Series", "action_flag": 1, "change_message": "[{\"added\": {}}]"}}, {"model": "admin.logentry", "pk": 44, "fields": {"action_time": "2023-08-24T05:16:12.854Z", "user": 1, "content_type": 7, "object_id": "12", "object_repr": "Embraer EMB 110 Bandeirante", "action_flag": 1, "change_message": "[{\"added\": {}}]"}}, {"model": "admin.logentry", "pk": 45, "fields": {"action_time": "2023-08-24T05:16:17.919Z", "user": 1, "content_type": 7, "object_id": "13", "object_repr": "CASA C-212 Aviocar", "action_flag": 1, "change_message": "[{\"added\": {}}]"}}, {"model": "admin.logentry", "pk": 46, "fields": {"action_time": "2023-08-24T05:16:23.696Z", "user": 1, "content_type": 7, "object_id": "14", "object_repr": "Beechcraft 1900", "action_flag": 1, "change_message": "[{\"added\": {}}]"}}, {"model": "admin.logentry", "pk": 47, "fields": {"action_time": "2023-08-24T05:18:56.450Z", "user": 1, "content_type": 6, "object_id": "2", "object_repr": "Douglas", "action_flag": 1, "change_message": "[{\"added\": {}}]"}}, {"model": "admin.logentry", "pk": 48, "fields": {"action_time": "2023-08-24T05:19:12.104Z", "user": 1, "content_type": 6, "object_id": "3", "object_repr": "Boeing", "action_flag": 1, "change_message": "[{\"added\": {}}]"}}, {"model": "admin.logentry", "pk": 49, "fields": {"action_time": "2023-08-24T05:19:29.215Z", "user": 1, "content_type": 6, "object_id": "4", "object_repr": "Boeing", "action_flag": 1, "change_message": "[{\"added\": {}}]"}}, {"model": "admin.logentry", "pk": 50, "fields": {"action_time": "2023-08-24T05:19:42.329Z", "user": 1, "content_type": 6, "object_id": "5", "object_repr": "Boeing", "action_flag": 1, "change_message": "[{\"added\": {}}]"}}, {"model": "admin.logentry", "pk": 51, "fields": {"action_time": "2023-08-24T05:19:54.941Z", "user": 1, "content_type": 6, "object_id": "6", "object_repr": "Boeing", "action_flag": 1, "change_message": "[{\"added\": {}}]"}}, {"model": "admin.logentry", "pk": 52, "fields": {"action_time": "2023-08-24T05:20:11.232Z", "user": 1, "content_type": 6, "object_id": "7", "object_repr": "Boeing", "action_flag": 1, "change_message": "[{\"added\": {}}]"}}, {"model": "admin.logentry", "pk": 53, "fields": {"action_time": "2023-08-24T05:20:39.051Z", "user": 1, "content_type": 8, "object_id": "2", "object_repr": "Captain America", "action_flag": 1, "change_message": "[{\"added\": {}}]"}}, {"model": "admin.logentry", "pk": 54, "fields": {"action_time": "2023-08-24T05:20:47.246Z", "user": 1, "content_type": 8, "object_id": "3", "object_repr": "Spider Man", "action_flag": 1, "change_message": "[{\"added\": {}}]"}}, {"model": "admin.logentry", "pk": 55, "fields": {"action_time": "2023-08-24T05:21:01.336Z", "user": 1, "content_type": 8, "object_id": "4", "object_repr": "Super Man", "action_flag": 1, "change_message": "[{\"added\": {}}]"}}, {"model": "admin.logentry", "pk": 56, "fields": {"action_time": "2023-08-24T05:21:07.921Z", "user": 1, "content_type": 8, "object_id": "5", "object_repr": "Black Panter", "action_flag": 1, "change_message": "[{\"added\": {}}]"}}, {"model": "admin.logentry", "pk": 57, "fields": {"action_time": "2023-08-24T05:21:16.731Z", "user": 1, "content_type": 8, "object_id": "6", "object_repr": "The Hulk", "action_flag": 1, "change_message": "[{\"added\": {}}]"}}, {"model": "admin.logentry", "pk": 58, "fields": {"action_time": "2023-08-24T05:21:24.122Z", "user": 1, "content_type": 8, "object_id": "7", "object_repr": "Bruce Lee", "action_flag": 1, "change_message": "[{\"added\": {}}]"}}, {"model": "admin.logentry", "pk": 59, "fields": {"action_time": "2023-08-24T05:21:36.681Z", "user": 1, "content_type": 8, "object_id": "8", "object_repr": "Doctor Strange", "action_flag": 1, "change_message": "[{\"added\": {}}]"}}, {"model": "admin.logentry", "pk": 60, "fields": {"action_time": "2023-08-24T05:22:10.385Z", "user": 1, "content_type": 6, "object_id": "6", "object_repr": "Boeing 757", "action_flag": 2, "change_message": "[{\"changed\": {\"fields\": [\"Name\"]}}]"}}, {"model": "admin.logentry", "pk": 61, "fields": {"action_time": "2023-08-24T05:22:19.387Z", "user": 1, "content_type": 6, "object_id": "7", "object_repr": "Boeing 727", "action_flag": 2, "change_message": "[{\"changed\": {\"fields\": [\"Name\"]}}]"}}, {"model": "admin.logentry", "pk": 62, "fields": {"action_time": "2023-08-24T05:22:23.377Z", "user": 1, "content_type": 6, "object_id": "5", "object_repr": "Boeing 777", "action_flag": 2, "change_message": "[{\"changed\": {\"fields\": [\"Name\"]}}]"}}, {"model": "admin.logentry", "pk": 63, "fields": {"action_time": "2023-08-24T05:22:27.428Z", "user": 1, "content_type": 6, "object_id": "4", "object_repr": "Boeing 767", "action_flag": 2, "change_message": "[{\"changed\": {\"fields\": [\"Name\"]}}]"}}, {"model": "admin.logentry", "pk": 64, "fields": {"action_time": "2023-08-24T05:22:31.568Z", "user": 1, "content_type": 6, "object_id": "3", "object_repr": "Boeing 787", "action_flag": 2, "change_message": "[{\"changed\": {\"fields\": [\"Name\"]}}]"}}, {"model": "admin.logentry", "pk": 65, "fields": {"action_time": "2023-08-24T05:22:57.162Z", "user": 1, "content_type": 9, "object_id": "2", "object_repr": "From London Stansted Airport (STN) London to Cambridge City Airport (CBG) Cambridge", "action_flag": 1, "change_message": "[{\"added\": {}}]"}}, {"model": "admin.logentry", "pk": 66, "fields": {"action_time": "2023-08-24T05:23:17.015Z", "user": 1, "content_type": 9, "object_id": "3", "object_repr": "From Exeter Airport (EXT) Exeter to Glasgow Airport (GLA) Glasgow", "action_flag": 1, "change_message": "[{\"added\": {}}]"}}, {"model": "admin.logentry", "pk": 67, "fields": {"action_time": "2023-08-24T05:23:29.947Z", "user": 1, "content_type": 11, "object_id": "1", "object_repr": "Order object (1)", "action_flag": 1, "change_message": "[{\"added\": {}}]"}}, {"model": "admin.logentry", "pk": 68, "fields": {"action_time": "2023-08-24T05:24:17.118Z", "user": 1, "content_type": 12, "object_id": "1", "object_repr": "Order object (1) (row: 6, seat: 3)", "action_flag": 1, "change_message": "[{\"added\": {}}]"}}, {"model": "auth.permission", "pk": 1, "fields": {"name": "Can add log entry", "content_type": 1, "codename": "add_logentry"}}, {"model": "auth.permission", "pk": 2, "fields": {"name": "Can change log entry", "content_type": 1, "codename": "change_logentry"}}, {"model": "auth.permission", "pk": 3, "fields": {"name": "Can delete log entry", "content_type": 1, "codename": "delete_logentry"}}, {"model": "auth.permission", "pk": 4, "fields": {"name": "Can view log entry", "content_type": 1, "codename": "view_logentry"}}, {"model": "auth.permission", "pk": 5, "fields": {"name": "Can add permission", "content_type": 2, "codename": "add_permission"}}, {"model": "auth.permission", "pk": 6, "fields": {"name": "Can change permission", "content_type": 2, "codename": "change_permission"}}, {"model": "auth.permission", "pk": 7, "fields": {"name": "Can delete permission", "content_type": 2, "codename": "delete_permission"}}, {"model": "auth.permission", "pk": 8, "fields": {"name": "Can view permission", "content_type": 2, "codename": "view_permission"}}, {"model": "auth.permission", "pk": 9, "fields": {"name": "Can add group", "content_type": 3, "codename": "add_group"}}, {"model": "auth.permission", "pk": 10, "fields": {"name": "Can change group", "content_type": 3, "codename": "change_group"}}, {"model": "auth.permission", "pk": 11, "fields": {"name": "Can delete group", "content_type": 3, "codename": "delete_group"}}, {"model": "auth.permission", "pk": 12, "fields": {"name": "Can view group", "content_type": 3, "codename": "view_group"}}, {"model": "auth.permission", "pk": 13, "fields": {"name": "Can add content type", "content_type": 4, "codename": "add_contenttype"}}, {"model": "auth.permission", "pk": 14, "fields": {"name": "Can change content type", "content_type": 4, "codename": "change_contenttype"}}, {"model": "auth.permission", "pk": 15, "fields": {"name": "Can delete content type", "content_type": 4, "codename": "delete_contenttype"}}, {"model": "auth.permission", "pk": 16, "fields": {"name": "Can view content type", "content_type": 4, "codename": "view_contenttype"}}, {"model": "auth.permission", "pk": 17, "fields": {"name": "Can add session", "content_type": 5, "codename": "add_session"}}, {"model": "auth.permission", "pk": 18, "fields": {"name": "Can change session", "content_type": 5, "codename": "change_session"}}, {"model": "auth.permission", "pk": 19, "fields": {"name": "Can delete session", "content_type": 5, "codename": "delete_session"}}, {"model": "auth.permission", "pk": 20, "fields": {"name": "Can view session", "content_type": 5, "codename": "view_session"}}, {"model": "auth.permission", "pk": 21, "fields": {"name": "Can add airplane", "content_type": 6, "codename": "add_airplane"}}, {"model": "auth.permission", "pk": 22, "fields": {"name": "Can change airplane", "content_type": 6, "codename": "change_airplane"}}, {"model": "auth.permission", "pk": 23, "fields": {"name": "Can delete airplane", "content_type": 6, "codename": "delete_airplane"}}, {"model": "auth.permission", "pk": 24, "fields": {"name": "Can view airplane", "content_type": 6, "codename": "view_airplane"}}, {"model": "auth.permission", "pk": 25, "fields": {"name": "Can add airplane type", "content_type": 7, "codename": "add_airplanetype"}}, {"model": "auth.permission", "pk": 26, "fields": {"name": "Can change airplane type", "content_type": 7, "codename": "change_airplanetype"}}, {"model": "auth.permission", "pk": 27, "fields": {"name": "Can delete airplane type", "content_type": 7, "codename": "delete_airplanetype"}}, {"model": "auth.permission", "pk": 28, "fields": {"name": "Can view airplane type", "content_type": 7, "codename": "view_airplanetype"}}, {"model": "auth.permission", "pk": 29, "fields": {"name": "Can add crew", "content_type": 8, "codename": "add_crew"}}, {"model": "auth.permission", "pk": 30, "fields": {"name": "Can change crew", "content_type": 8, "codename": "change_crew"}}, {"model": "auth.permission", "pk": 31, "fields": {"name": "Can delete crew", "content_type": 8, "codename": "delete_crew"}}, {"model": "auth.permission", "pk": 32, "fields": {"name": "Can view crew", "content_type": 8, "codename": "view_crew"}}, {"model": "auth.permission", "pk": 33, "fields": {"name": "Can add flight", "content_type": 9, "codename": "add_flight"}}, {"model": "auth.permission", "pk": 34, "fields": {"name": "Can change flight", "content_type": 9, "codename": "change_flight"}}, {"model": "auth.permission", "pk": 35, "fields": {"name": "Can delete flight", "content_type": 9, "codename": "delete_flight"}}, {"model": "auth.permission", "pk": 36, "fields": {"name": "Can view flight", "content_type": 9, "codename": "view_flight"}}, {"model": "auth.permission", "pk": 37, "fields": {"name": "Can add user", "content_type": 10, "codename": "add_user"}}, {"model": "auth.permission", "pk": 38, "fields": {"name": "Can change user", "content_type": 10, "codename": "change_user"}}, {"model": "auth.permission", "pk": 39, "fields": {"name": "Can delete user", "content_type": 10, "codename": "delete_user"}}, {"model": "auth.permission", "pk": 40, "fields": {"name": "Can view user", "content_type": 10, "codename": "view_user"}}, {"model": "auth.permission", "pk": 41, "fields": {"name": "Can add order", "content_type": 11, "codename": "add_order"}}, {"model": "auth.permission", "pk": 42, "fields": {"name": "Can change order", "content_type": 11, "codename": "change_order"}}, {"model": "auth.permission", "pk": 43, "fields": {"name": "Can delete order", "content_type": 11, "codename": "delete_order"}}, {"model": "auth.permission", "pk": 44, "fields": {"name": "Can view order", "content_type": 11, "codename": "view_order"}}, {"model": "auth.permission", "pk": 45, "fields": {"name": "Can add ticket", "content_type": 12, "codename": "add_ticket"}}, {"model": "auth.permission", "pk": 46, "fields": {"name": "Can change ticket", "content_type": 12, "codename": "change_ticket"}}, {"model": "auth.permission", "pk": 47, "fields": {"name": "Can delete ticket", "content_type": 12, "codename": "delete_ticket"}}, {"model": "auth.permission", "pk": 48, "fields": {"name": "Can view ticket", "content_type": 12, "codename": "view_ticket"}}, {"model": "auth.permission", "pk": 49, "fields": {"name": "Can add airport", "content_type": 13, "codename": "add_airport"}}, {"model": "auth.permission", "pk": 50, "fields": {"name": "Can change airport", "content_type": 13, "codename": "change_airport"}}, {"model": "auth.permission", "pk": 51, "fields": {"name": "Can delete airport", "content_type": 13, "codename": "delete_airport"}}, {"model": "auth.permission", "pk": 52, "fields": {"name": "Can view airport", "content_type": 13, "codename": "view_airport"}}, {"model": "auth.permission", "pk": 53, "fields": {"name": "Can add route", "content_type": 14, "codename": "add_route"}}, {"model": "auth.permission", "pk": 54, "fields": {"name": "Can change route", "content_type": 14, "codename": "change_route"}}, {"model": "auth.permission", "pk": 55, "fields": {"name": "Can delete route", "content_type": 14, "codename": "delete_route"}}, {"model": "auth.permission", "pk": 56, "fields": {"name": "Can view route", "content_type": 14, "codename": "view_route"}}, {"model": "contenttypes.contenttype", "pk": 1, "fields": {"app_label": "admin", "model": "logentry"}}, {"model": "contenttypes.contenttype", "pk": 2, "fields": {"app_label": "auth", "model": "permission"}}, {"model": "contenttypes.contenttype", "pk": 3, "fields": {"app_label": "auth", "model": "group"}}, {"model": "contenttypes.contenttype", "pk": 4, "fields": {"app_label": "contenttypes", "model": "contenttype"}}, {"model": "contenttypes.contenttype", "pk": 5, "fields": {"app_label": "sessions", "model": "session"}}, {"model": "contenttypes.contenttype", "pk": 6, "fields": {"app_label": "flight", "model": "airplane"}}, {"model": "contenttypes.contenttype", "pk": 7, "fields": {"app_label": "flight", "model": "airplanetype"}}, {"model": "contenttypes.contenttype", "pk": 8, "fields": {"app_label": "flight", "model": "crew"}}, {"model": "contenttypes.contenttype", "pk": 9, "fields": {"app_label": "flight", "model": "flight"}}, {"model": "contenttypes.contenttype", "pk": 10, "fields": {"app_label": "user", "model": "user"}}, {"model": "contenttypes.contenttype", "pk": 11, "fields": {"app_label": "order", "model": "order"}}, {"model": "contenttypes.contenttype", "pk": 12, "fields": {"app_label": "order", "model": "ticket"}}, {"model": "contenttypes.contenttype", "pk": 13, "fields": {"app_label": "airport", "model": "airport"}}, {"model": "contenttypes.contenttype", "pk": 14, "fields": {"app_label": "airport", "model": "route"}}, {"model": "sessions.session", "pk": "24t1owbtl4f75u5c7h1qa4nvzinglz5y", "fields": {"session_data": ".eJxVjEEOwiAQRe_C2hCgAyku3XsGwgyDVA0kpV013t026UK3_733NxHiupSwdp7DlMRVaHH53TDSi-sB0jPWR5PU6jJPKA9FnrTLe0v8vp3u30GJvey1t4Nx2TIqsgQDYgYPxlgavGOnFSOxTzop3iFoABzdyJ4jRpsJnfh8AeJjOGA:1qYm2K:iyZUCl76Bt4H11MtYbzKt1M-A8qNQ0NMwJsanpLTHzE", "expire_date": "2023-09-06T11:28:32.983Z"}}, {"model": "flight.airplanetype", "pk": 2, "fields": {"name": "Boeing 787"}}, {"model": "flight.airplanetype", "pk": 3, "fields": {"name": "Boeing 767"}}, {"model": "flight.airplanetype", "pk": 4, "fields": {"name": "Airbus A330"}}, {"model": "flight.airplanetype", "pk": 5, "fields": {"name": "Boeing 777"}}, {"model": "flight.airplanetype", "pk": 6, "fields": {"name": "Boeing 757"}}, {"model": "flight.airplanetype", "pk": 7, "fields": {"name": "McDonnell Douglas MD-80 Series"}}, {"model": "flight.airplanetype", "pk": 8, "fields": {"name": "Boeing 727"}}, {"model": "flight.airplanetype", "pk": 9, "fields": {"name": "Airbus A320 series"}}, {"model": "flight.airplanetype", "pk": 10, "fields": {"name": "Dornier 228"}}, {"model": "flight.airplanetype", "pk": 11, "fields": {"name": "BAe Jetstream 3 Series"}}, {"model": "flight.airplanetype", "pk": 12, "fields": {"name": "Embraer EMB 110 Bandeirante"}}, {"model": "flight.airplanetype", "pk": 13, "fields": {"name": "CASA C-212 Aviocar"}}, {"model": "flight.airplanetype", "pk": 14, "fields": {"name": "Beechcraft 1900"}}, {"model": "flight.airplane", "pk": 2, "fields": {"name": "Douglas", "rows": 25, "seats_in_row": 6, "airplane_type": 7}}, {"model": "flight.airplane", "pk": 3, "fields": {"name": "Boeing 787", "rows": 27, "seats_in_row": 6, "airplane_type": 2}}, {"model": "flight.airplane", "pk": 4, "fields": {"name": "Boeing 767", "rows": 29, "seats_in_row": 6, "airplane_type": 3}}, {"model": "flight.airplane", "pk": 5, "fields": {"name": "Boeing 777", "rows": 27, "seats_in_row": 6, "airplane_type": 5}}, {"model": "flight.airplane", "pk": 6, "fields": {"name": "Boeing 757", "rows": 30, "seats_in_row": 6, "airplane_type": 6}}, {"model": "flight.airplane", "pk": 7, "fields": {"name": "Boeing 727", "rows": 30, "seats_in_row": 6, "airplane_type": 8}}, {"model": "flight.crew", "pk": 1, "fields": {"first_name": "Bohdan", "last_name": "Black"}}, {"model": "flight.crew", "pk": 2, "fields": {"first_name": "Captain", "last_name": "America"}}, {"model": "flight.crew", "pk": 3, "fields": {"first_name": "Spider", "last_name": "Man"}}, {"model": "flight.crew", "pk": 4, "fields": {"first_name": "Super", "last_name": "Man"}}, {"model": "flight.crew", "pk": 5, "fields": {"first_name": "Black", "last_name": "Panter"}}, {"model": "flight.crew", "pk": 6, "fields": {"first_name": "The", "last_name": "Hulk"}}, {"model": "flight.crew", "pk": 7, "fields": {"first_name": "Bruce", "last_name": "Lee"}}, {"model": "flight.crew", "pk": 8, "fields": {"first_name": "Doctor", "last_name": "Strange"}}, {"model": "flight.flight", "pk": 2, "fields": {"route": 3, "airplane": 6, "departure_time": "2023-08-24T12:00:00Z", "arrival_time": "2023-08-25T00:00:00Z", "crew": [5]}}, {"model": "flight.flight", "pk": 3, "fields": {"route": 7, "airplane": 5, "departure_time": "2023-08-26T00:00:00Z", "arrival_time": "2023-08-27T05:23:13Z", "crew": [2]}}, {"model": "user.user", "pk": 1, "fields": {"password": "pbkdf2_sha256$600000$QzwpjvxFknCboCoFJBkl6r$uKVFJ8CaveRZopfi6kH/ZgmlYd4G1bIW1vWo444xkbw=", "last_login": "2023-08-23T11:28:32.966Z", "is_superuser": true, "first_name": "", "last_name": "", "is_staff": true, "is_active": true, "date_joined": "2023-08-23T11:28:11.276Z", "email": "admin@admin.com", "groups": [], "user_permissions": []}}, {"model": "user.user", "pk": 2, "fields": {"password": "pbkdf2_sha256$600000$Ub8E2OIxf8hZvUfyUuNZX8$G+z9meW0HtJH0mYbAthaZ46qAI//67N9DmUR7tyxkZM=", "last_login": null, "is_superuser": false, "first_name": "", "last_name": "", "is_staff": false, "is_active": true, "date_joined": "2023-08-24T05:39:34.324Z", "email": "user@user.com", "groups": [], "user_permissions": []}}, {"model": "order.order", "pk": 1, "fields": {"created_at": "2023-08-24T05:23:29.944Z", "user": 1}}, {"model": "order.ticket", "pk": 1, "fields": {"row": 6, "seat": 3, "flight": 2, "order": 1}}, {"model": "airport.airport", "pk": 3, "fields": {"name": "Turweston Aerodrome (EGBT)", "closest_big_city": "Brackley"}}, {"model": "airport.airport", "pk": 4, "fields": {"name": "Derby Airfield (EGBD)", "closest_big_city": "Derby"}}, {"model": "airport.airport", "pk": 5, "fields": {"name": "Leicester Airport (EGBG)", "closest_big_city": "Leicester"}}, {"model": "airport.airport", "pk": 6, "fields": {"name": "Cambridge City Airport (CBG)", "closest_big_city": "Cambridge"}}, {"model": "airport.airport", "pk": 7, "fields": {"name": "Luton Airport (LTN)", "closest_big_city": "Luton"}}, {"model": "airport.airport", "pk": 8, "fields": {"name": "Norwich Airport (NWI)", "closest_big_city": "Norwich"}}, {"model": "airport.airport", "pk": 9, "fields": {"name": "London Stansted Airport (STN)", "closest_big_city": "London"}}, {"model": "airport.airport", "pk": 10, "fields": {"name": "Teesside International Airport (MME)", "closest_big_city": "Darlington"}}, {"model": "airport.airport", "pk": 11, "fields": {"name": "Liverpool John Lennon Airport (LPL)", "closest_big_city": "Liverpool"}}, {"model": "airport.airport", "pk": 12, "fields": {"name": "Gatwick Airport (LGW)", "closest_big_city": "Crawley"}}, {"model": "airport.airport", "pk": 13, "fields": {"name": "Southampton Airport (SOU)", "closest_big_city": "Southampton"}}, {"model": "airport.airport", "pk": 14, "fields": {"name": "Exeter Airport (EXT)", "closest_big_city": "Exeter"}}, {"model": "airport.airport", "pk": 15, "fields": {"name": "Birmingham Airport (BHX)", "closest_big_city": "Birmingham"}}, {"model": "airport.airport", "pk": 16, "fields": {"name": "Leeds Bradford Airport (LBA)", "closest_big_city": "Leeds"}}, {"model": "airport.airport", "pk": 17, "fields": {"name": "Glasgow Airport (GLA)", "closest_big_city": "Glasgow"}}, {"model": "airport.airport", "pk": 18, "fields": {"name": "Cardiff Airport (CWL)", "closest_big_city": "Cardiff"}}, {"model": "airport.route", "pk": 2, "fields": {"source": 9, "destination": 3, "distance": 300}}, {"model": "airport.route", "pk": 3, "fields": {"source": 9, "destination": 6, "distance": 100}}, {"model": "airport.route", "pk": 4, "fields": {"source": 9, "destination": 11, "distance": 200}}, {"model": "airport.route", "pk": 5, "fields": {"source": 4, "destination": 18, "distance": 322}}, {"model": "airport.route", "pk": 6, "fields": {"source": 16, "destination": 18, "distance": 256}}, {"model": "airport.route", "pk": 7, "fields": {"source": 14, "destination": 17, "distance": 364}}, {"model": "airport.route", "pk": 8, "fields": {"source": 7, "destination": 13, "distance": 244}}]